<?xml version="1.0" encoding="UTF-8"?>
<metadata xml:lang="zh"><Esri><CreaDate>20140222</CreaDate><CreaTime>11033600</CreaTime><ArcGISFormat>1.0</ArcGISFormat><SyncOnce>TRUE</SyncOnce><DataProperties><lineage><Process ToolSource="c:\program files (x86)\arcgis\desktop10.1\ArcToolbox\Toolboxes\Data Management Tools.tbx\CalculateField" Date="20131218" Time="184325">CalculateField Parcels_LD_prj_jn_jn d_ctr_km [Distance]/1000.0 VB #</Process><Process ToolSource="c:\program files (x86)\arcgis\desktop10.1\ArcToolbox\Toolboxes\Data Management Tools.tbx\CalculateField" Date="20131222" Time="124916">CalculateField Parcels_LD Urban2012 [Step_Sim] VB #</Process><Process ToolSource="c:\program files (x86)\arcgis\desktop10.1\ArcToolbox\Toolboxes\Data Management Tools.tbx\CalculateField" Date="20131224" Time="231720">CalculateField Parcels_LD DENSITY 0 VB #</Process><Process ToolSource="c:\program files (x86)\arcgis\desktop10.1\ArcToolbox\Toolboxes\Data Management Tools.tbx\CalculateField" Date="20131226" Time="203604">CalculateField Parcels_LD S2_UAO [Step_Sim] VB #</Process><Process ToolSource="c:\program files (x86)\arcgis\desktop10.1\ArcToolbox\Toolboxes\Data Management Tools.tbx\CalculateField" Date="20140101" Time="085740">CalculateField Parcels_LD S1_BAU [Step_Sim] VB #</Process><Process ToolSource="c:\program files (x86)\arcgis\desktop10.1\ArcToolbox\Toolboxes\Data Management Tools.tbx\CalculateField" Date="20140101" Time="212108">CalculateField Parcels_LD S3_UTU [Step_Sim] VB #</Process><Process ToolSource="c:\program files (x86)\arcgis\desktop10.1\ArcToolbox\Toolboxes\Data Management Tools.tbx\CalculateField" Date="20140103" Time="081836">CalculateField Parcels_LD B 0 VB #</Process><Process ToolSource="c:\program files (x86)\arcgis\desktop10.1\ArcToolbox\Toolboxes\Data Management Tools.tbx\CalculateField" Date="20140103" Time="082238">CalculateField Parcels_LD C 0 VB #</Process><Process ToolSource="c:\program files (x86)\arcgis\desktop10.1\ArcToolbox\Toolboxes\Data Management Tools.tbx\CalculateField" Date="20140103" Time="083100">CalculateField Parcels_LD G 0 VB #</Process><Process ToolSource="c:\program files (x86)\arcgis\desktop10.1\ArcToolbox\Toolboxes\Data Management Tools.tbx\CalculateField" Date="20140103" Time="083326">CalculateField Parcels_LD MW 0 VB #</Process><Process ToolSource="c:\program files (x86)\arcgis\desktop10.1\ArcToolbox\Toolboxes\Data Management Tools.tbx\CalculateField" Date="20140103" Time="083602">CalculateField Parcels_LD O 0 VB #</Process><Process ToolSource="c:\program files (x86)\arcgis\desktop10.1\ArcToolbox\Toolboxes\Data Management Tools.tbx\CalculateField" Date="20140103" Time="084105">CalculateField Parcels_LD R 0 VB #</Process><Process ToolSource="c:\program files (x86)\arcgis\desktop10.1\ArcToolbox\Toolboxes\Data Management Tools.tbx\CalculateField" Date="20140103" Time="084336">CalculateField Parcels_LD S 0 VB #</Process><Process ToolSource="c:\program files (x86)\arcgis\desktop10.1\ArcToolbox\Toolboxes\Data Management Tools.tbx\CalculateField" Date="20140113" Time="090504">CalculateField Parcels_LD Housing_POIs 0 VB #</Process><Process ToolSource="c:\program files (x86)\arcgis\desktop10.1\ArcToolbox\Toolboxes\Data Management Tools.tbx\CalculateField" Date="20140113" Time="090841">CalculateField Parcels_LD Housing_POIs_Density "[Housing_POIs] / [SIZE] * 1000000.0" VB #</Process><Process ToolSource="D:\OSM_China\China2013_OSM.gdb\Toolbox_YLong\RepairGeometry" Date="20140222" Time="110616">RepairGeometry C:\Users\a\Desktop\WP20\BAU_Expansion.shp DELETE_NULL</Process><Process ToolSource="D:\OSM_China\China2013_OSM.gdb\Toolbox_YLong\RepairGeometry" Date="20140222" Time="110736">RepairGeometry C:\Users\a\Desktop\WP20\BAU_Expansion.shp DELETE_NULL</Process></lineage></DataProperties></Esri></metadata>
